{"average_bpm":119.16157531738281,"average_level":88.21979522705078,"bpms":[119,119,119,119,119,119,119,119,119,119,119,119,119,119,119,119,119,119,119,119,119,119,119,119,119,119,119,119,119,119,119,119,119,119,119,119,119,119,119,119,119,119,119,119,119,119,119,119,119,119,119,119,119,119,119,119,119,119,119,119,119,119,119,119,119,119,119,119,119,119,119,119,119,119,119,119,119,119,119,119,119,119,119,119,119,119,119,119,119,119,119,119,119,119,119,119,119,119,119,119,119,119,119,119,119,119,119,119,119,119,119,119,119,119,119,119,119,119,119,119,119,119,119,119,119,119,119,119,119,119,119,119,119,119,119,119,119,119,119,119,119,119,119,119,119,119,119,119,119,119,119,119,119,119,119,119,119,119,119,119,119,119,119,119,119,119,119,119,119,119,119,119,119,119,119,119,119,119,119,119,119,119,119,119,119,119,119,119,119,119,119,119,119,119,119,119,119,119,119,119,119,119,119,119,119,119,119,119,119,119,119,119,119,119,119,119,119,119,119,119,119,119,119,119,119,119,119,119,119,119,119,119,119,119,119,119,119,119,119,119,119,119,119,119,119,119,119,119,119,119,119,119,119,119,119,119,119,119,119,119,119,119,120,120,120,120,120,120,120,120,120,120,120,120,120,120,120,120,120,120,119,119,119,119,119,119,119,119,119,119,119,119,119,119,119,120,120,120,120,120,120,120,120,120,119,119,119,119,119,119,120,120,120,120,120,120,120,120,119,119,119,119,119,119,119,119,119,120,120,120,120,120,120,120,120,120,119,119,119,119,119,119,120,120,120,120,120,120,120,120,120,119,119,119,120,120,120,120,120,120,120,120,120,120,120,120,120,120,120,120,120,120,120,120,120,120,120,120,120,120,120,120,120,120,120,120,120,120,120,119,119,119,119,119,119,119,119,119,119,119,119,119,119,119,119,119,119,119,119,119,119,119,119,119,119,119,119,119,119,119,119,119,119,119,119,119,119,119,119,119,119,119,119,119,119,119,119,119,119,119,119,119,119,119,119,119,119,119,119,119,119,119,119,119,119,119,119,119,119,119,119,119,119,119,119,119,119,119,119,119,119,119,119,119,119,119,119,119,119,119,119,119,119,119,119,119,119,119,119,119,119,119,119,119,119,119,119,119,119,119,119,119,119,119,119,119,119,119,119,119,119,119,119,119,119,119,119,119,119,119,119,119,119,119,119,119,119,119,119,119,119,119,119,119,120,120,119,119,119,119,119,119,119,119,119,119,119,119,119,119,119,119,119,119,119,119,119,120,120,120,119,119,119,119,119,119,119,119,119,119,119,119,119,119,119,119,119,119,119,119,119,119,119,119,119,119,119,119,119,119,119,119,120,120,120,119,119,119,119,119,119,119,119,119,119,119,119,119,119,119,119,119,119,120,120,120,119,119,119,119,119,119,119,119,119,119,119,119,119,119,119,119,119,119,119,119,119,119,119,119,119,119,119,119,119,119,119,119,119,119,119,119,119,119,119,119,119,119,119,119,119,119,119,119,119,119,119,119,119,119,119,119,119,119,119,120,120,120,120,120,120,121,121,121,119,119,119],"levels":[99,94,97,97,90,94,92,82,84,97,89,75,91,93,86,94,85,90,90,92,87,94,85,84,97,93,83,92,84,82,96,91,90,92,86,92,94,90,88,89,85,97,93,84,96,91,86,96,91,85,95,86,85,97,91,79,92,91,81,97,91,85,92,93,88,96,90,88,92,94,85,95,86,86,92,76,84,93,95,86,96,94,86,96,91,89,96,87,96,94,83,93,83,89,95,94,89,90,92,91,95,92,89,92,85,91,95,87,87,96,94,88,92,94,81,92,92,94,94,90,87,97,90,82,91,92,89,96,90,88,91,92,86,95,88,81,90,88,84,92,86,88,96,92,93,92,90,95,92,83,90,80,83,93,93,82,96,88,83,77,81,82,85,76,76,86,88,74,89,86,77,76,87,84,90,80,77,93,88,75,90,85,84,92,83,83,89,75,79,92,84,87,94,90,88,88,87,92,95,87,91,90,86,91,86,86,93,92,89,91,93,90,94,90,86,91,89,84,84,88,88,95,90,86,93,91,89,88,92,90,90,83,85,93,91,78,91,88,86,96,90,91,92,92,87,92,87,88,92,90,86,90,89,91,96,95,94,97,93,96,93,91,96,90,94,96,90,93,95,93,92,89,93,96,91,94,93,92,90,89,95,91,88,94,92,89,94,93,95,96,95,96,95,95,88,91,89,91,88,95,93,92,94,93,95,91,93,95,93,95,93,88,94,92,90,93,91,93,93,90,93,94,95,87,94,95,94,93,94,95,90,95,93,95,91,92,93,93,95,95,95,94,93,93,94,93,90,92,92,90,91,94,94,95,94,92,93,94,94,89,95,96,93,94,94,94,95,93,95,92,94,95,93,95,93,88,84,94,93,85,95,90,77,83,82,74,88,82,68,90,88,76,92,93,84,94,90,73,92,95,82,97,90,80,91,94,80,96,88,81,91,92,80,96,89,83,93,92,84,94,86,83,96,91,96,92,81,96,89,81,92,86,86,94,90,87,91,92,86,91,86,87,96,93,83,93,92,87,96,87,84,95,94,86,94,88,87,97,90,85,94,88,91,88,92,87,92,93,90,96,87,87,93,92,85,95,87,86,95,94,93,93,87,96,93,87,95,90,89,95,87,95,96,95,91,90,91,85,94,93,88,93,92,89,96,91,88,95,86,87,94,92,89,92,89,92,95,89,93,89,93,90,91,91,90,93,89,86,94,91,89,95,94,91,92,92,95,90,86,95,94,83,93,92,89,92,89,90,93,92,90,90,88,91,90,95,92,92,93,88,92,93,87,91,91,90,91,92,90,92,91,89,94,89,93,92,90,93,92,90,93,91,93,91,93,89,89,96,92,91,93,89,93,91,88,90,91,89,92,91,90,93,94,89,92,84,83,79,71,74,86,77,79,78,74,81,88,78,71,77,88,85,89,76,75,81,87,77,82,78,72,79,86,77,86,78,74,74,77,71,86,79,70,75,72,77,82,74,86,74,73,74,88,82,86,69,76,82,87,75,83,75,74,69,86,78,81,87,70,68,65,69,74,64,67,64,71,58,52,64,55,55,30,48,35,27,13],