{"average_bpm":121.4888916015625,"average_level":87.46349334716797,"bpms":[167,167,167,167,158,158,158,158,160,160,160,160,160,160,160,160,160,160,160,106,106,106,106,106,106,106,106,106,106,106,106,106,106,106,106,106,106,106,106,106,106,106,106,106,106,106,106,106,106,106,106,106,106,106,106,106,106,106,106,106,106,106,106,106,106,106,106,106,106,106,106,106,106,106,106,106,106,106,106,106,106,106,106,106,106,106,106,106,106,106,106,107,107,107,106,106,106,106,106,106,106,106,160,160,160,160,160,160,160,160,160,160,160,160,160,160,160,160,79,79,79,79,79,79,79,79,79,79,79,79,80,80,79,79,80,80,106,106,106,106,106,106,106,106,106,106,106,106,106,106,106,106,106,106,106,106,106,106,106,106,106,106,106,106,106,106,106,106,106,106,106,106,106,106,106,106,106,106,106,106,159,159,159,159,161,161,161,161,160,160,160,160,160,160,160,160,160,160,160,160,161,161,161,161,160,160,160,160,160,160,160,160,160,160,160,160,160,160,160,160,160,160,160,160,160,160,160,160,160,160,160,160,160,160,160,160,160,160,160,160,160,160,160,160,160,160,160,160,160,160,160,160,160,160,160,160,160,160,160,79,79,79,79,79,79,79,79,79,79,79,79,79,79,79,79,79,79,79,79,79,79,79,80,80,80,80,79,79,79,79,106,106,106,107,107,107,107,107,107,106,106,106,106,106,106,106,106,106,106,106,107,107,107,107,107],"levels":[86,78,79,81,99,89,94,82,87,96,91,83,94,90,88,88,83,91,83,93,87,89,100,87,98,93,84,97,93,100,94,82,93,97,92,93,86,86,97,92,91,90,86,95,93,95,92,89,92,93,83,94,80,88,94,98,90,94,85,89,94,80,90,91,82,97,90,95,94,82,94,95,93,87,89,90,95,89,95,86,83,100,85,93,85,82,91,94,91,76,85,87,81,90,91,84,98,96,80,89,79,87,95,92,83,96,92,82,82,82,96,83,82,96,93,88,80,78,92,96,83,93,96,96,80,91,92,90,86,92,96,95,90,91,95,96,88,88,92,92,82,90,84,82,95,89,96,94,86,96,96,87,84,80,88,97,98,92,86,83,96,94,93,93,86,94,95,101,92,86,87,92,96,92,81,85,92,80,90,87,86,93,97,90,85,94,89,78,86,84,93,83,83,89,89,77,77,84,95,91,84,96,90,77,85,79,86,99,96,89,86,79,85,81,94,93,96,95,92,83,85,93,97,87,95,95,82,86,82,93,95,94,93,93,90,84,85,91,93,85,90,94,83,85,85,92,94,93,90,93,90,82,82,89,93,85,90,94,77,85,93,83,92,89,96,95,92,88,96,93,91,85,89,96,91,84,96,93,84,88,89,85,83,85,88,84,81,80,79,80,81,76,76,78,74,82,80,77,74,71,79,84,82,68,81,79,81,73,65,60,48,44,27,23,20],"notes":[[51,49,49,49,51,55,56,56],[52],[],[63],[63],[51],[],[48,61],[106,50,50,49],[73,50],[],[51],[51],[51,51],[47,51],[50,64],[52,106],[51],[51],[63,52],[48],[60,106],[49,106,50],[48,51],[63],[51,47,51],[49,48],[64,106],[64],[51,63,63,63],[52],[49,61,61,60],[61,106],[106,49],[51],[70,51,47,51],[51,51,51,51],[51,55,52,63],[64,106],[74],[50,56,52],[47,57],[60],[106],[49,49],[51,71],[51,47,47],[47,51,51,50],[50],[106,50],[51,50,49],[],[56],[61,61],[106,69,70,106],[49,48],[51],[51,47,47],[47,48,48,48,57],[],[106,50],[50],[51],[56],[61,106,67],[54,54],[106,47],[49,52],[47,47,51],[],[106],[48],[51],[47],[48],[48,106],[54],[51],[47],[47,47,49,48,52],[102],[106],[63,64,51],[63,71],[60],[60,61,60,47,47,106],[68,50],[],[71,71],[47,47,48,48],[64,64],[49,49],[48,50],[51],[47],[48,47,47],[106,68,106],[54,47,48],[50,47,47],[49,49,61],[47,48,49],[49,50],[107,49],[48],[50,58],[47,52],[],[47,48],[47,47,47],[106,47],[106,50],[47,48],[48,47],[47,50],[49,49,49],[49,48,48],[49,48,49],[62],[107,49,49,49,111],[49,49,50,105,47],[49,49,49,48],[47,48,107,50,54],[66,50,47],[50,104,49,51],[49,105,49,49,48],[49,49,64,50,49],[49,49,49,49,49,48,49,49],[49,77,74,47],[49,49,48,48],[48,48,49,106,55],[106,49,50],[48,51],[49,49,50,61,50,49],[50,51,48,50],[51,49,50,78],[50,50,71,52,71,49],[50,72,50],[49,48,47,51],[50,47,107,54,54],[86,49,50,49],[78,50,49],[52,50,49],[48,49,48],[49,49,49],[49],[50],[49,73,50],[49,47,46],[48,48,50,47],[106,66,54,49,47,66],[48],[47,75,49,47],[47,99,49],[48,47,48,49],[49,63,64],[107,49,50,48],[],[49],[47,47,47],[47,47,107],[49,107,50,50],[47],[49,50],[48,47],[48,49],[64,49,107],[49,48],[47,47],[48],[47,46,48,47,47],[48,106,48],[106,52,47],[47],[49],[48],[55],[],[63,63,63],[71,47],[56],[61],[],[49],[],[],[52],[47,47],[48],[],[],[],[63,63,63],[49],[52],[57],[],[],[57],[54],[48,63,63],[63],[52,47],[47,47,47,51],[51,48,56],[],[64,64,106],[50],[48,51],[63],[47],[],[56,48,61,61],[47,47,106,68],[107],[54,50,111],[53],[],[51,75,47],[75,47,47],[51,48,56],[],[106],[50,58],[48,51],[63,50],[52],[57],[61],[47],[69,106],[49,47],[48,51],[],[52,47],[47,111],[51,48],[52],[106],[111],[51],[52],[52],[51,57],[61],[61,106],[54],[54,50],[51],[],[51,47],[51,52,51],[52,52,56],[],[106],[111],[51],[],[51],[56],[61,60,47,106],[106,54,50],[51,63],[47,75,51,51,51],[51,56,56,56,60],[64,106],[63,63,63,52],[52,57],[61,47,47],[50,73,49],[61,52],[52,52,47,47,51,51,51],[51,56],[64,63,106,50],[63,63,56,52],[],[61,106],[106,50],[63,51],[47,52],[51,63],[64],[63,52],[51,56],[],[60],[63],[],[],[65,49],[49],[47],[47],[47],[],[50],[59],[61,61],[],[64],[],[],[52],[47],[],[68],[49,50],[],[49],[61],[52],[],[],[],[],[]]}