{"average_bpm":92.21407318115234,"average_level":92.52932739257813,"bpms":[183,183,183,183,183,183,183,183,183,91,91,91,91,91,91,91,91,91,91,91,91,91,91,91,91,91,91,91,91,91,91,91,91,91,91,91,91,91,91,91,91,91,91,91,91,91,91,91,91,91,91,91,91,91,91,91,91,91,91,91,91,91,91,91,91,91,91,91,91,91,91,91,91,91,91,91,91,91,91,91,91,91,91,91,91,91,91,91,91,91,91,91,91,91,91,91,91,91,91,91,91,91,91,91,91,91,91,91,91,91,91,91,91,91,91,91,91,91,91,91,91,91,91,91,91,91,91,91,91,91,91,91,91,91,91,91,91,91,91,91,91,91,91,91,91,91,91,91,91,91,91,91,91,91,91,91,91,91,91,91,91,91,91,91,91,91,91,91,91,91,91,91,91,91,91,91,91,91,91,91,91,91,91,91,91,91,91,91,91,91,91,91,91,91,91,91,91,91,91,91,91,91,91,91,91,91,91,91,91,91,91,91,91,91,91,91,91,91,91,91,91,91,91,91,91,91,91,91,91,91,91,91,91,91,91,91,91,91,91,91,91,91,91,91,91,91,91,91,91,91,91,91,91,91,91,91,91,91,91,91,91,91,91,91,91,91,91,91,91,91,91,91,91,91,91,91,91,91,91,91,91,91,91,91,91,91,91,91,91,91,91,91,91,91,91,91,91,91,91,91,91,91,91,91,91,91,91,91,91,91,91,91,91,91,91,91,91,91,91,91,91,91,91,91,91,91,91,91,91,91,91,91,91,91,91,91,91,91,91,91,91,91,91,91,91,91,91,91,91,91,91,91,91,91,91,91,91,91,91,91,91,91,91,91,91,91,91,91,91,91,91,91,91,91,91,91,91,91,91,91,91,91,91,91,91,91,91,91,91,91,91,91,91,91,91,91,91,91,91,91,91,91,91,91,91,91,91,91,91,91,91,91,91,91,91,91,91,91,91,91,91,91,91,91,91,91,91,91,91,91,91,91,91,91,91,91,91,91,91,91,91,91,91,91,91,91,91,91,91,91,91,91,91,91,91,91,91,91,91,91,91,91,91,91,91,91,91,91,91,91,91,91,91,91,91,91,91,91,91,91,91,91,91,91,91,91,91,91,91,91,91,91,91,91,91,91,91,91,91,91,91,91,91,91,91,91,91,91,91,91,91,91,91,91,91,91,91,91,91,91,91,91,91,91,91,91,91,91,91,91,91,91,91,91,91,91,91,91,91,91,91,91,91,91,91,91,91,91,91,91,91,91,91,91,91,91,91,91,91,91,91,91,91,91,91,91,91,91,91,91,91,91,91,91,91,91,91,91,91,91,91,91,91,91,91,91,91,91,91,91,91,91,91,91,91,91,91,91,91,91,91,91,91,91,91,91,91,91,91,91,91,91,91,91,91,91,91,91,91,91,91,91,91,91,91,91,91,91,91,91,91,91,91,91,91,91,91,91,91,91,91,91,91,91,91,91,91,91,91,91,91,91,91,91,91,91,91,91,91,91,91,91,91,91,91,91,91,91,91,91,91,91,91,91,91,91,91,91,91,91,91,91],"levels":[94,93,90,92,83,93,92,92,73,95,92,90,93,95,91,92,87,90,94,89,95,93,92,88,92,90,89,91,82,94,89,93,93,91,85,88,96,94,94,96,89,87,97,95,93,92,94,93,93,90,95,91,92,91,93,92,94,94,94,92,95,90,95,91,94,90,90,89,91,93,91,92,94,87,98,97,91,93,93,92,92,93,92,97,94,94,94,94,90,95,94,90,95,91,97,91,88,89,84,92,89,94,94,88,90,91,89,89,87,90,92,94,93,91,90,96,87,87,89,96,91,91,93,95,91,93,97,90,94,95,92,91,93,96,88,92,95,94,95,90,90,96,90,95,97,93,91,94,93,92,98,97,91,91,95,96,88,95,89,96,91,86,95,90,90,88,91,90,95,89,91,97,97,94,96,94,94,94,93,92,91,94,97,91,95,92,95,92,93,94,92,89,91,92,92,91,95,95,95,95,94,91,92,96,96,91,93,96,95,90,94,96,96,98,95,91,96,93,92,95,93,94,95,96,93,96,97,94,94,91,95,94,96,96,94,91,97,95,95,94,88,94,93,92,97,93,88,96,90,93,91,87,97,90,95,91,92,91,87,93,93,92,91,95,93,96,89,92,93,95,96,91,91,92,97,91,93,90,95,93,91,97,93,98,89,92,93,91,90,94,91,90,95,92,90,96,93,97,93,92,90,92,92,92,92,96,96,87,94,90,96,96,92,95,92,93,94,95,92,92,96,87,94,93,90,87,90,93,93,93,92,91,90,85,93,88,90,93,95,92,96,97,94,93,96,90,94,91,89,92,94,97,90,95,92,92,88,88,94,95,93,91,92,89,96,95,90,95,95,95,94,96,92,91,90,93,89,96,97,91,91,92,94,93,93,96,94,94,93,97,91,89,91,95,90,96,95,94,96,94,96,97,90,94,90,94,92,92,89,91,89,94,95,93,96,93,94,91,91,95,96,95,90,94,93,96,91,89,94,94,97,90,94,91,96,91,91,96,96,96,90,96,96,96,91,92,98,93,94,94,91,94,96,96,97,95,97,94,91,89,96,94,90,97,97,97,91,97,97,95,95,97,96,92,92,94,96,98,94,92,93,94,97,95,95,94,93,96,88,95,95,95,89,94,94,94,94,96,98,91,94,95,93,94,96,92,92,96,95,94,98,96,92,96,93,94,94,95,96,96,95,95,95,93,93,96,96,94,94,95,92,94,96,95,97,95,95,96,93,95,97,96,96,93,92,94,92,95,91,97,93,92,96,95,91,93,92,96,93,96,96,96,91,96,94,93,95,96,94,95,98,95,95,93,95,93,92,94,97,96,94,95,92,98,92,96,94,92,93,96,95,88,93,90,94,95,97,96,95,95,95,92,93,94,95,93,96,93,96,95,94,96,95,95,96,97,94,97,93,93,92,93,95,95,97,96,95,95,97,95,94,92,95,92,95,93,95,92,95,94,96,94,93,94,91,92,91,88,91,95,96,95,94,94,91,92,92,94,96,93,94,93,94,92,92,93,93,94,96,90,94,91,92,93,91,77,53,33,23,16,16,16],"notes":[[50],[],[],[],[],[],[47],[],[],[],[],[],[],[],[51],[],[],[],[],[],[],[],[],[],[],[],[],[54],[47],[52],[],[],[],[],[],[108],[],[],[],[46,55],[],[],[60],[],[54],[],[56],[],[],[],[108],[],[48],[],[108,56],[],[],[],[],[],[],[46,55,55],[],[],[108],[],[108,55],[108],[],[],[],[],[46],[],[],[],[48],[],[],[],[108],[108],[55],[],[],[],[],[55],[],[],[],[54],[],[47],[],[],[108],[108],[46,113],[],[55,55],[59],[],[],[],[],[],[113,54],[53],[108],[47],[58],[46],[],[101],[55],[],[],[],[],[46],[],[108],[],[46],[55],[],[],[46],[],[108],[55],[55],[55,67],[],[55,67],[55],[],[48],[55,55],[55],[],[],[],[55],[],[],[55],[55,55],[],[55,55],[],[46,55,55],[55],[],[55],[48,55,55,55],[50],[],[48],[55],[],[107,62],[56,55],[54],[55],[],[55,67],[],[],[66],[],[53],[],[56,55],[56],[55],[67,67],[56,55],[48,48],[48,48,48],[],[46,48],[48,48],[],[46],[46],[46,48],[61],[60],[48,60],[48],[48,48],[67,67,68],[81],[48,48],[48,48,48,48],[48,67],[60],[48,53],[46],[],[],[46,60],[60],[48,59],[60,46],[48],[60],[50],[81],[],[],[],[51,51],[],[],[51],[48],[62,50],[50,63],[63,63,63],[46,63],[63,61],[],[],[65,67],[51],[],[],[51,51],[51],[],[48],[51],[50,62],[50,50],[],[82,62],[48,48],[],[],[],[],[108],[],[108],[46],[],[],[],[],[108],[],[108],[],[],[108],[],[],[],[],[],[],[],[46],[],[],[],[],[],[],[],[108],[108],[],[],[108],[],[48],[],[],[],[],[],[],[48],[],[],[],[],[],[55],[],[55],[],[55],[],[],[56],[],[],[],[],[],[],[],[],[55],[],[],[],[],[],[55],[],[],[52],[],[],[],[],[80],[55],[],[55],[],[53],[55,55],[55],[55],[55,55],[],[],[],[],[],[],[55,54],[],[55],[55],[],[],[],[55],[],[48],[],[50],[54],[46,55],[55],[],[67],[55],[55,55],[55,55],[59],[48,46],[54],[56],[],[],[67],[53],[46,56],[],[],[55],[],[],[],[55],[],[],[55,55,55],[48,48],[],[],[55],[55],[54,53],[50],[],[],[],[],[],[46,56],[],[],[],[],[55],[55],[55,55],[55,55,55],[55,55],[],[],[],[],[],[],[46],[],[55],[],[46,46,55],[],[55],[55,47],[],[51,55],[],[],[],[],[55],[55],[],[46,47],[57],[55],[47],[46],[58],[53],[46,54],[],[56],[46],[57],[],[],[55],[],[46,46],[],[55],[],[46],[58],[53],[54],[55],[51],[55],[],[],[],[],[48],[],[],[],[],[],[],[46],[],[50],[],[],[48],[],[48],[48],[48],[],[51],[46],[],[],[50],[58],[],[],[],[],[],[46],[75,48],[],[],[46],[],[],[],[50],[],[46],[],[46],[46],[74],[],[],[74],[72],[74],[51],[55],[46,74],[46],[],[],[],[],[],[],[],[],[],[53,67],[48],[48,67],[48,65],[46],[51],[51],[],[56,56],[],[],[],[],[],[48],[],[82,55],[48],[48,67],[47,46],[46,46],[51],[51,51],[],[56],[46],[],[55],[56],[],[],[81,82],[51],[50],[51],[82,48,63],[51],[51],[51],[],[51,50],[50],[],[51],[51],[48],[48],[46],[51,63,51],[63],[],[83,63],[63,51,51],[51],[51],[53],[62,46,50],[46,65,56],[50,46,62,62],[82,62,48,60],[48],[],[],[],[55],[48,51],[69],[56],[46,55],[55],[46],[55,46],[46],[56,55],[],[56],[55,55],[],[],[],[55],[],[55,48],[],[46],[],[56],[55],[50],[56,56,56],[55,55],[56,56],[55,55],[55],[48],[],[55],[56],[56,48],[55,55,51],[55],[51],[56],[46],[55],[],[68],[55],[55,55],[55],[48],[],[55,55],[46,55],[55],[55],[],[58],[],[56],[56],[55],[55],[55],[55],[48],[],[],[],[],[],[],[],[],[],[],[],[],[],[],[],[],[],[],[],[],[],[],[],[],[],[],[],[],[],[],[],[],[],[51],[],[],[],[],[],[],[]]}