{"average_bpm":116.47058868408203,"average_level":64.20645904541016,"bpms":[286,286,286,286,286,286,286,212,212,212,212,225,225,225,225,225,111,111,111,111,112,112,112,112,112,112,112,112,112,112,112,112,112,112,112,112,112,112,112,113,113,113,113,113,112,112,112,112,112,112,112,112,113,113,113,113,113,113,113,113,113,113,113,114,114,114,111,111,111,111,111,111,111,111,113,113,113,113,113,113,113,113,113,113,113,113,113,113,113,113,113,113,113,113,113,110,110,110,111,111,111,111,111,111,111,111,111,111,111,111,111,111,111,111,111,111,111,111,111,111,111,111,111,111,111,111,111,111,111,111,111,111,111,111,111,111,111,111,111,111,111,111,111,111,111,111,111,111,111,111,111,111,111,111,111,111,111,111,111,111,111,111,111,111,111,111,111,111,111,111,111,111,111,111,112,112,112,111,111,111,111,111,111,111,111,112,112,112,112,112,112,106,106,106,106,106,106,106,106,106,106,106,106,106,106,106,108,108,108,107,107,107,107,107,107,107,107,107,107,107,107,107,107,107,107,107,107,107,107,107,107,107,107,107,107,107,107,107,107,107,107,107,107,106,106,106,105,105,105,106,106,106,106,106,105,105,105,106,106,106,106,106,106,106,106,107,107,107,107,107,107,107,107,106,106,107,107,107,107,107,107,107,107,107,107,107,106,106,106,107,107,107,107,107,108,108,108,108,108,108,108,108,108,108,108,108,108,108,108,108,107,107,107,107,107,107,107,107,108,108,108,108,108,108,108,108,108,108,108,108,108,108,108,109,109,109,109,109,109,109,109,108,108,107,107,107,107,107,108,108,108,108,108,108,108,108,108,108,108,109,109,109,109,109,109,109,109,109,109,110,110,110,141,141,141,142,142,142,143,143,143,143,109,109,109,110,110,110,110,110,110,110,110,110,110,110,110,110,110,110,110,139,139,139,141,141,141,142,142,142,142,142,142,142,141,141,141,141,141,141,141,139,139,139,139,140,140,140,141,141,141,141,141,141,141,141,141,141,141,141,141,141,141,141,141,141,141,141,141,141,141,141,141,142,142,142,143,143,143,143,143,143,143,143,142,142,142,142,142,142,142,106,106,107,107,107,107,107,107,107,107,107,107,107,108,108,108,108,108,107,107,107,107,107,108,108,108,108,108,108,108,108,108,108,108,108,108,108,107,107,107,107,107,107,107,107,107,107,107,107,107,108,108,108,107,107,107,107,107,107,107,107,107,107,107,106,106,106,106,106,106,106,106,106,106,106,106,106,106,106,107,107,107,107,107,107,107,107,107,107,107,107,107,107,107,107,107,107,107,107,107,107,107,107,107,107,107,107,107,107,107,107,107,107,107,107,107,107,107,107,107,107,107,107,107,107,107,109,109,110,110,110,110,110,110,110,110,110,111,111,111,111,111,110,110,110,110,110,110,110,110,109,109,109,110,110,110,110,110,110,110,110,110,110,110,110,110,110,110,110,110,110,110,111,111,111,111,111,111,111,111,111,111,111,111,111,111,111,111,111,111,111,111,111,111,111,111,111,111,111,111,111,111,111,111,111,111,111,111,111,111,111,111,111,111,109,109,109,110,110,111,111,111,111,111,111,110,110,110,110,110,110,110,110,110,110,110,110,110,110,110,110,110,110,110,110,110,110,110,110,110,110,110,110,110,110,110,110,111,111,111,111,111,111,111,111,110,110,111,111,111,111,111,111,106,106,106,106,106,107,107,107,107,107,107,107,107,107,107,107,107,107,107,107,107,107,107,107,107,107,111,111,112,112,112,112,112,112,112,112,112,112,112,112,112,112,112,112,112,112,112,112,112,112,112,112,111,111,111,111,111,111,111,111,132,132,132,133,133,133,133,133,133,133,133,133,133,132,132,132,134,134,134,134,134,134,134,134,134,134,134,134,134,134,134,134,134,134,134,134,134,134,134,134,135,135,135,135,135,135,135,135,135,135,128,128,128,128,128,128,128,128,128,135,135,129,129],"levels":[11,11,15,61,63,65,63,67,65,62,63,68,60,66,64,62,66,67,68,65,62,61,59,61,63,63,63,61,64,62,62,53,67,62,57,64,58,66,66,64,59,64,65,62,60,63,64,65,60,62,70,69,63,61,56,68,64,60,64,62,65,70,69,64,65,63,65,62,61,64,62,64,69,59,63,65,67,66,67,68,68,65,66,67,68,66,65,65,67,71,66,68,65,63,64,70,66,69,65,63,67,62,63,66,65,68,69,71,67,65,63,61,66,67,65,63,65,61,57,66,57,64,61,63,60,62,62,69,71,70,65,71,66,72,66,67,69,70,71,64,64,65,61,66,66,65,61,69,65,65,66,72,63,73,73,74,67,72,73,64,71,64,72,67,70,71,64,68,67,61,71,69,60,55,60,61,53,64,65,61,62,62,63,63,65,62,63,62,62,63,63,64,65,60,65,59,57,62,61,58,69,62,65,69,69,68,63,62,63,58,60,59,63,64,62,58,63,66,62,64,60,58,65,55,65,67,69,69,71,63,70,68,62,65,73,73,70,62,59,60,62,61,61,61,60,56,59,56,61,63,59,57,61,59,57,60,64,62,61,60,56,59,66,64,59,61,59,57,61,63,64,64,62,67,66,67,61,66,69,66,65,67,67,68,69,59,64,67,64,61,66,67,67,68,70,65,69,69,72,70,65,70,71,72,70,71,71,69,62,66,65,66,67,66,67,61,59,64,62,59,64,68,69,68,69,68,63,69,68,71,71,70,69,62,59,64,66,63,61,68,68,64,62,62,66,70,68,67,74,67,71,70,66,72,71,73,68,71,67,69,66,67,61,63,68,64,68,71,71,66,67,72,73,73,73,69,62,71,69,70,67,69,68,69,71,69,69,64,71,62,70,67,64,68,72,67,69,74,75,71,65,73,74,68,66,73,68,69,70,72,75,76,77,77,70,71,72,71,74,72,70,68,74,74,76,73,71,71,73,72,76,77,75,68,73,74,75,73,73,75,71,68,72,74,72,75,76,74,75,75,72,70,72,73,74,72,72,68,69,67,73,65,71,68,72,69,68,71,76,68,71,74,70,72,68,60,72,63,73,68,67,71,68,78,74,73,65,73,76,77,74,74,75,75,76,75,70,68,71,69,68,75,72,72,70,69,68,78,72,71,72,73,72,78,73,77,77,74,77,68,68,69,65,69,72,74,77,75,74,72,76,72,63,61,56,59,61,56,59,58,56,60,64,62,59,64,66,67,64,63,63,65,67,61,58,60,67,64,62,61,61,61,59,63,63,61,62,70,64,64,67,67,63,61,60,60,63,60,65,74,62,68,60,63,63,73,66,63,65,68,62,70,67,65,62,61,65,62,65,65,62,63,68,71,63,66,65,64,60,67,60,61,64,58,65,65,64,61,62,63,61,68,66,62,69,61,64,71,63,65,63,64,66,70,62,70,67,68,64,64,65,62,64,64,63,61,66,65,66,65,70,62,71,71,67,68,63,70,66,67,68,66,69,66,68,69,71,70,71,69,68,69,69,70,67,65,61,69,69,62,69,69,70,67,71,63,71,67,73,76,73,70,70,63,67,70,70,66,72,70,69,71,76,70,68,68,65,70,74,64,65,64,66,68,65,71,64,67,69,65,68,69,63,59,59,64,63,60,61,64,65,59,63,62,59,57,58,63,59,57,63,62,60,58,55,57,59,63,63,62,62,59,55,65,62,56,66,58,59,52,58,58,63,59,60,62,59,62,58,57,56,61,55,55,57,56,54,52,64,59,62,61,60,62,62,56,55,55,63,60,58,56,62,58,58,59,55,58,57,63,58,56,59,60,57,59,63,58,59,58,61,62,58,56,55,60,57,48,54,59,59,61,58,58,57,59,57,57,52,58,62,61,58,64,62,59,55,54,52,49,55,54,55,53,45,44,44,43,52,40,57,53,56,42,30,22,20,14,17,16,13,21,19,12,13,18,20],