{"average_bpm":106.7410888671875,"average_level":80.20427703857422,"bpms":[226,226,226,226,226,226,98,98,96,96,96,96,96,211,211,211,211,211,105,105,106,106,106,106,106,106,106,105,105,105,106,106,106,105,105,104,104,104,104,104,104,104,104,103,103,103,104,104,104,104,104,104,104,103,103,103,104,104,104,104,104,104,104,104,103,103,103,103,103,103,103,103,103,103,103,103,103,102,102,102,102,102,103,103,103,103,103,103,103,103,103,103,103,103,103,103,103,103,103,103,103,103,103,103,103,103,103,103,103,103,104,104,103,103,103,103,103,103,103,103,103,103,103,103,103,103,103,103,103,103,103,103,103,103,103,103,103,103,102,102,103,103,103,103,103,103,103,103,103,103,103,103,103,103,103,103,103,103,103,103,103,103,103,102,102,102,102,102,102,102,102,102,102,102,100,100,100,100,100,102,102,102,102,102,102,102,102,102,102,102,102,102,102,102,102,102,102,102,102,102,102,102,102,102,102,102,102,103,103,103,103,103,102,102,102,102,102,102,102,102,103,103,103,103,103,103,103,104,104,104,104,104,103,103,103,103,103,103,103,103,103,103,103,103,103,102,102,102,102,102,102,102,102,102,102,103,103,103,103,103,103,103,102,102,102,102,102,102,102,102,102,102,102,102,103,103,103,103,103,103,103,103,102,102,102,102,102,102,102,102,102,102,102,102,102,102,102,102,102,102,102,102,102,102,102,102,102,102,102,102,102,102,102,102,102,102,102,103,103,103,103,103,102,102,102,102,102,102,102,102,102,102,103,103,103,103,103,103,103,103,102,102,103,103,103,103,103,103,103,103,102,102,103,103,103,103,103,103,103,103,103,103,103,103,103,104,104,104,103,103,103,103,103,103,103,103,103,103,103,103,103,103,103,103,103,103,103,104,104,104,105,105,140,140,140,140,140,140,140,139,139,139,104,104,104,104,104,105,105,105,105,105,105,104,104,105,105,105,105,105,105],"levels":[29,28,27,43,32,41,29,28,46,51,78,75,76,84,74,77,73,82,72,83,83,82,70,78,72,75,72,83,83,81,83,75,77,79,80,79,82,72,81,81,82,85,82,79,86,84,80,81,84,87,82,84,82,82,87,88,81,83,86,82,83,80,77,82,81,80,80,84,80,83,81,81,80,78,72,61,80,81,79,79,87,93,77,73,87,87,91,86,89,83,82,77,86,83,88,89,87,81,79,88,75,82,91,85,83,77,86,87,76,77,78,80,76,77,80,88,88,88,77,84,80,75,78,81,85,86,83,84,75,80,82,85,85,87,79,78,79,78,87,82,90,85,87,88,70,85,76,88,79,80,88,85,76,89,77,76,81,82,81,79,77,81,77,82,81,80,77,83,81,77,80,60,78,83,85,91,87,84,80,81,82,73,79,76,86,89,82,83,84,79,81,82,84,86,83,81,78,79,83,91,89,91,86,84,80,80,82,84,81,76,79,76,82,78,83,83,84,77,79,82,83,74,78,78,85,85,88,77,87,77,74,79,88,76,78,85,80,77,84,78,80,74,81,83,83,77,78,86,78,79,87,85,85,91,88,82,84,79,80,81,79,82,81,76,89,80,80,79,88,89,82,86,89,85,81,81,78,85,79,88,76,60,72,65,75,83,82,90,75,77,85,79,78,80,81,81,87,75,87,81,81,85,76,77,75,79,85,81,75,84,82,85,80,77,71,85,82,84,84,81,81,81,80,81,80,87,83,86,84,85,79,20,78,82,81,79,80,83,78,78,85,88,81,86,79,85,82,84,84,80,85,79,90,82,86,86,81,81,84,86,91,88,87,87,85,78,81,81,74,81,82,85,88,85,80,82,78,81,79,80,79,76,80,79,84,82,84,85,82,80,85,76,82,75,84,83,79,80,78,77,77,80,84,84,83,86,82,82,81,80,86,83,87,88,86,87,87,80,83,84,80],"notes":[[80],[71],[],[81],[],[],[106],[69],[71],[92,52],[109,61,100],[101,63],[101,61],[103,51,61],[63,104],[51,51],[63],[63,102],[52,100],[61,100,63,99],[61,100,63,63],[100,98,103],[63,101],[100,63,61],[63,103,51,63],[100,73,101,63,98],[100,52],[104,68,68],[52],[50,53],[67,66,99],[67,68,68],[67,67],[51,50],[66,110,98],[99,68,101],[50,100],[69,49,63],[48,68,51],[52,61,50,101],[63,51,51],[64,53,97,62],[48,52,101,101],[91,51,101],[99,51,91],[63,51],[51,61,67],[100,99,87,66,51],[51,100],[100,49,54],[54,49,62,66,102],[66,104,51],[98,99],[53,100,98,63],[99,67],[51,51,67,61,49],[46,51,100],[48,47,65,63],[46,53],[54],[52,54,48,66],[],[67,51,100],[49,101,87],[63,50,63],[63,98,95,47],[65,51],[49,66,102,100],[103,50,100,52],[101,52],[51,63,53],[66,102,64],[89,50,50],[100,101],[62,62],[110,63],[63,50,62],[100,103],[49],[60,47],[58,46],[50,55],[101,51,49,63,64,64,50],[100,100],[50,100],[102],[61,97,97],[49,52,87],[49,101],[84,100,63,99],[64,51,50],[48,47,59,47],[59,99],[46,49,101],[50,98],[60,60,59],[50,100],[48,53,60],[52,49],[98,99],[50],[102],[49,62,49],[47,52,59],[60,50,100],[51],[61],[85,99,48],[60,48,49,61],[61],[50,100],[49,101,97,100],[63,99],[100,48,103],[63,48],[49,100,51,49],[49,51,101],[100,48,103],[63,103],[99,102,100,50],[101],[100,48,51],[63,51,48,102],[52,53],[101,48],[69],[49,51],[99,50,103],[62,63],[100,65,54],[63,51,98],[63,65,50,59],[66,50],[55,52,100],[65,99],[67,50,51,49],[63,99],[100,66,88],[62,54,66],[64,100,96],[101,98,65],[88],[57,101],[48,101,50],[102,63,98],[61,55,52],[104,101,96],[50,67,50],[87,62,52],[62,49,64],[51,51,65,51,53],[53,51,50],[53,47,65],[51,100,66,65],[55,67],[100,102,66],[65],[64,49],[65],[63,76,65],[99,63,62],[99,98,67],[63,63,63,52,52],[65,89,51],[51,46,65],[51,65,65],[103,51,63,54,66],[49,67,101,66],[48,50,46],[100,105],[63,100],[53,53],[100,62,64],[49,46,102],[],[49,47],[47,58,77],[62,48],[48,52],[64,64],[98,100],[63,100],[101],[61,97],[48,99,76],[73,50],[60,100],[62,50],[60,59,59],[59,47,100],[61],[49,48],[48,52,59],[50,52],[47,50,48],[48,48],[98,49],[49,53],[99,50],[50,49],[48,97,59],[61,101],[50],[61,64,48,64],[60,48],[60,60,60,60],[61,62],[60,48],[53,50,91,51],[48,61,101],[52,102,49,50],[63,89,68,50],[54,95,69],[52,81],[52,101],[62,94,61,50],[97,47],[59,100],[55],[58,94,72,50],[66,94,56],[68,68,103],[69,101],[63,72,46],[48,59,49],[65,47,69],[49,63,63],[48],[94,59,47,68],[49,48,52],[49,50,63],[50,67,52,46],[96,68,87,65],[50,62],[76,62,63],[62],[61,61],[70,62,62],[49,104,50],[50,51,68],[68,68,103,98,104],[63,68,66,60],[51,67,51],[55,100],[96,67,66,51,48],[62,51,49],[68,49,67,51],[76,50,51,65],[63,67,66,99],[50,100,51],[100,51],[67,63,65,51],[103,67,51],[67,101,51,51],[103],[67,51,54],[67,64,49],[49,66,66,68,55,66,103],[51,67,53],[66,51,50],[50,50],[98,68,103],[63,51,101,63],[61,63,52],[63,51,51],[100,63,103],[63,53,100],[53],[62,51,50,100],[95],[64,51,50,66],[54,101,98,104],[63,67],[51,65,51,86],[63,50],[101,100],[66,102],[51,65],[63,99,50],[49,51],[63,51],[99,101,96],[63,110],[64,65],[64,64,100],[102,49],[61,48],[60,50],[59,50,51],[55,52],[77,54,64,64],[86,99],[56,99],[101],[51,49],[49],[99,101,59],[99,81],[100,63,64],[58,99],[57,46,48],[99,100],[101,97],[49,48],[52,59,50],[50],[68,48],[64,97],[97,62],[53,99],[61,61,49],[48,52],[47,49,51],[63],[61,51,46],[103,97,47],[47,61,63,64],[51,47],[63,56],[51,51,51,51],[63,63,51],[63,47,47],[63,50],[50,46],[50,50],[46,50,50],[50,50,50],[50,50,50,50],[63,63],[51,47,51],[63,63,51,47],[],[64,69],[70,70,70],[68,51,68],[68,100,87],[61,100],[100,99,50,47],[63,51,49],[67,85,54,97],[63,100,100,51],[98,53,102,51],[99],[63,65,100,66,81],[50,66,48],[102,49,47,51],[52,66,101],[98,51,65,51],[67,100,66],[51,50],[63,63,52],[52,52,53,102],[63,99,61],[51,65,63],[62,51],[88,100,96,61],[51,101,50,51],[101,95,63],[50,53],[108,52,52,49,61],[49,47,51,100],[97,53,53,105],[63,51],[103,51],[65],[50,51],[69,99],[102,101,65,49],[68,65,100,87],[67,47,100,51],[52,49],[103,101,51,47,67],[63,98,99],[51,50,65,51],[63,51],[98,51,65,48],[50,98],[51,48,96,63,47],[63,48,51],[52],[98,52,99,100,49,98],[98],[98,98],[97,51,51,98],[51,47,98],[51,48,98,51],[51,51,70],[],[],[49],[101,51,60,96],[50,100,98],[49,48,50],[59,94,51],[100,51,98,98],[97,98],[97,99],[49,50],[98],[90,99,51],[104,50,97],[46],[102],[47,98,99],[99],[63,51],[100,61,98],[99,49],[87,82,48,98],[50,101,99,98],[99,48,63],[48,97],[50,98,98,63],[51,51,99,63],[51,102],[50,51,98],[99,46,99,99],[101,99,100],[98,99,99,99],[50,99],[63,108,103]]}