{"average_bpm":129.01028442382813,"average_level":84.16981506347656,"bpms":[258,258,258,258,258,258,258,151,151,151,151,151,151,151,151,151,151,148,148,148,151,151,151,151,151,151,151,151,151,151,151,151,151,151,151,151,151,151,151,151,151,151,151,151,151,151,153,153,153,152,152,152,152,153,153,153,153,153,153,153,152,152,152,152,152,152,152,152,152,152,152,153,153,153,153,151,151,151,153,153,153,153,153,153,153,153,154,154,154,154,154,154,154,154,153,153,153,152,152,152,152,153,153,153,134,134,134,135,135,135,135,135,135,135,136,136,136,136,136,136,136,136,136,136,135,135,135,135,135,135,135,135,135,151,151,151,151,154,154,154,154,154,154,154,154,154,154,154,154,154,154,154,103,103,103,104,104,104,104,104,104,104,104,103,103,104,104,104,102,102,102,102,102,102,121,121,121,122,122,122,122,122,122,122,123,123,123,123,123,123,123,123,123,123,123,123,122,122,122,122,122,122,122,122,122,123,123,123,122,122,122,122,122,122,122,122,122,122,122,122,122,122,122,123,123,123,122,122,122,122,122,122,122,122,122,122,122,122,122,122,122,125,125,125,121,121,121,121,121,121,122,122,122,122,122,122,123,123,123,123,123,123,123,123,123,123,123,123,123,122,122,122,123,123,123,123,123,123,122,122,122,122,122,122,150,150,150,150,150,150,150,150,150,150,150,151,151,151,151,151,151,151,151,151,151,151,153,153,153,153,153,153,153,153,152,152,152,152,112,112,113,113,113,113,113,113,113,113,113,113,113,113,113,113,113,113,113,113,113,113,113,113,114,114,114,113,113,114,114,115,115,115,115,115,115,115,115,115,115,115,115,103,103,104,104,105,105,105,104,104,104,104,104,104,104,104,104,104,104,104,104,104,104,104,104,104,104,104,104,104,104,104,104,104,104,105,105,105,115,115,115,120,120,120,115,115,115,120,120,120,120,120,120,120,120,120,120,120,120,118,118,118,116,116,116,118,118,118,115,115,115,119,119,119,114,114,114,116,116,116,118,118,118,117,117,117,115,115,115,121,121,121,122,122,122,121,121,121,121,121,121,120,120,120,121,121,121,121,121,121,122,122,122,124,124,124,123,123,123,123,123,123,125,125,125,122,122,122,123,123,123,122,122,122,122,122,122,121,121,121,121,121,121,121,121,121,121,121,121,121,121,121,121,121,120,120,120,121,121,121,121,121,121,121,121,121,121,121,121,121,121,121,121,121,121,121,121,121,120,120,120,120,120,120,120,120,120,121,121,121,120,120,120,121,121,121,120,120,120,121,121,121,121,121,121,121,121,121,120,120,120,121,121,121,120,120,121,121,121,119,119,119,122],"levels":[91,91,94,92,85,91,89,81,77,78,76,80,78,75,72,76,80,97,95,95,89,86,86,78,80,78,76,78,75,77,73,74,78,86,95,95,90,90,87,83,80,76,77,74,81,81,79,76,68,76,83,95,96,96,92,91,91,80,80,82,75,78,75,72,70,79,77,73,98,93,96,86,85,84,82,79,77,76,76,76,82,89,78,83,82,91,91,93,89,91,95,93,86,84,79,77,76,76,76,77,91,78,95,94,95,91,93,93,85,80,85,83,77,73,88,92,80,82,95,90,90,92,95,92,78,78,82,73,77,90,92,86,82,95,91,92,89,86,92,92,85,84,91,96,90,90,89,87,89,89,89,95,92,93,87,86,85,96,93,92,91,89,89,85,92,88,93,92,83,93,94,91,89,90,89,95,91,93,88,91,90,85,95,93,91,91,90,88,86,86,93,92,93,86,87,88,80,89,93,91,90,89,84,93,97,86,90,95,95,91,86,96,89,94,94,90,85,87,84,83,81,81,77,76,80,89,81,78,85,80,80,84,75,77,73,78,69,83,72,71,65,85,82,83,93,91,89,86,92,84,84,79,79,82,84,91,87,77,92,92,90,95,91,88,75,80,76,86,87,88,80,79,91,94,89,94,92,94,91,87,86,90,77,73,80,76,81,90,92,93,87,91,88,91,87,82,84,80,82,84,78,69,77,76,85,94,93,92,91,88,96,95,86,78,93,94,91,91,92,86,84,94,93,89,86,83,79,93,93,92,90,89,88,84,95,91,90,94,94,88,94,93,89,88,91,91,85,91,93,89,92,91,83,94,95,93,92,88,89,85,94,94,90,85,87,93,91,91,91,96,87,94,93,89,94,92,89,89,87,92,90,82,72,79,75,74,75,72,77,83,72,87,76,83,81,87,83,73,90,83,87,84,85,86,74,87,82,77,76,86,83,79,84,82,90,86,78,92,79,92,83,90,92,91,75,87,73,80,75,77,86,71,95,93,73,89,83,93,77,73,93,92,89,86,89,92,91,91,89,89,83,70,73,93,70,74,92,83,93,80,90,89,71,71,69,74,74,77,75,79,79,89,76,73,71,71,74,94,94,92,92,94,93,91,92,92,92,88,93,96,89,96,93,93,90,92,92,96,92,89,89,95,95,96,95,96,94,94,96,96,86,84,92,94,96,97,94,92,90,95,97,96,92,92,86,94,92,93,94,93,89,91,87,84,79,81,90,93,90,91,85,96,87,85,87,85,78,80,80,85,84,83,78,84,77,76,82,70,72,58,70,74,70,70,63,57,64,63,60,54,50,47,36,24,10,11,10,10,10,10,11,11,11],"notes":[[],[],[],[],[],[],[],[],[],[],[],[],[],[],[54],[],[],[],[],[],[],[],[],[],[],[],[],[],[],[],[],[],[],[],[],[],[],[],[],[],[],[],[],[],[54],[],[],[],[],[56],[68],[],[],[],[],[],[],[],[],[55],[],[],[],[],[],[54],[],[],[],[],[],[],[],[],[102,68],[102,67,67],[55],[],[],[],[54,54,57,57],[57,57,111],[60],[],[],[64],[],[],[],[],[],[],[],[55],[67],[],[],[],[52,54],[57,59,60],[60,107],[],[],[],[],[],[111],[],[],[],[99],[],[],[],[105],[],[],[],[],[],[],[106],[],[],[103],[67],[],[],[],[54],[61],[],[],[],[],[],[],[],[53],[],[],[62,60,62],[],[],[],[],[],[],[],[55],[],[],[],[],[],[111],[55],[],[],[],[],[],[],[],[],[],[68],[61],[],[54,54],[],[],[],[47],[],[48],[],[],[],[53],[48],[],[48,60],[],[],[],[],[],[],[],[],[],[51,55],[],[],[52,55],[52],[107],[],[],[],[],[],[],[],[],[],[],[],[67],[],[64],[],[],[],[],[],[],[],[],[],[48],[],[48,48,48],[],[],[],[],[],[],[],[55],[],[55],[],[67],[],[60],[],[],[],[87,88,88,88,88,88],[88,88,88,88,86],[87],[88,88],[],[],[],[],[],[55,55],[],[],[],[54,103,104],[60,60],[],[],[],[],[],[],[],[],[],[],[],[57],[57,57,57,60,60],[],[],[],[],[],[],[],[],[110],[],[111,111],[104,62],[62,62,61],[],[57],[],[54],[58,62],[46],[62],[62],[61,61],[61],[62],[62],[62,62],[61,62],[61],[],[62,61],[46,56],[],[],[],[],[54],[],[],[],[],[],[54],[],[74],[61],[61,61],[],[],[],[64],[],[55,55],[],[],[],[],[],[48],[48,48,71],[],[],[],[],[],[],[],[],[],[56,58,113],[],[54],[60,62],[],[],[],[56],[],[64,64],[64,64],[],[],[57,64,63],[],[],[],[113],[],[],[],[],[],[47],[54,114],[],[52,53],[55,55],[52],[],[],[],[51],[],[56],[],[],[],[71],[],[67,66,47],[],[75],[],[],[],[46],[46],[],[],[],[],[],[],[],[],[59,54,55],[107],[59,60,87,60],[60,60],[60,59,104],[60,62],[75,58,59,104],[58,59,59,56,58],[58],[56,55],[55],[],[60,71,57,55],[57,55,55,55],[56,55,56],[56,57],[57,57,53,53,52],[52],[51,57,52],[52],[52,105],[],[],[109],[63],[60],[60,59],[],[60],[56,58,60,60],[62,62,62,61],[60,60,60,60,60,59],[58,59],[],[55],[62,108,57],[60,56,56,56],[56,56,55,55],[52,54,56],[57,61,65,65,91],[55,54],[67,64],[58,58,65,65],[66,89,62,66,58],[66,60,88,59],[57,57],[57,57,62],[59,109,55,59],[],[62,104,64],[65],[],[65,62],[],[63,62,60],[62,62,62,62,58],[],[79,59,107],[],[60],[60,65],[61,62,62,62,62,62],[56,105,59,58,58],[58,58,59],[62,62,58,60],[55,55,63,62],[59,59],[60,60],[60],[57],[59,59],[62],[],[],[],[],[],[106,55,67],[66,110,58,65],[65,64],[108],[],[],[55],[58],[],[],[],[],[],[],[],[],[],[62,61,62],[59,60],[57,56,57],[55,57],[60,46],[67,55,55],[69],[68,69],[69],[],[74,62],[53],[65,48],[60,48],[67,67],[60,66],[65,64],[67,67,67,69],[69,69,69,68,68],[67,69,69,69],[68,67],[68],[],[63,62],[62],[62,60],[59,59],[60,60,60],[68,67],[64,69],[69,69,69,67,67],[],[],[60,60,62,63,63],[63,62,65],[62,67],[67,69],[69,48],[67],[],[57,67],[67,67,67,57],[57,57,68,68],[69],[48,67],[67],[48],[67,52],[],[53],[],[],[],[67,67,69,69],[69,67],[],[],[],[],[65],[67,67,69],[69],[67],[],[67],[67,67,67,67,69],[69,57,67],[50,69],[67,55],[67],[],[64],[62],[48],[],[60],[],[67],[69,69],[69,69],[69],[62],[],[],[67,69],[51],[],[],[],[],[],[],[],[],[],[]]}