{"average_bpm":139.61947631835938,"average_level":78.74513244628906,"bpms":[120,120,120,92,92,117,117,117,117,117,117,141,141,141,141,94,94,141,141,141,141,141,141,141,91,91,141,141,141,141,140,140,140,140,140,140,140,137,137,137,138,138,138,140,140,140,140,137,137,137,140,140,140,140,136,136,136,137,137,137,137,137,137,138,138,138,138,138,138,138,140,140,140,140,139,139,139,139,139,139,139,161,161,161,161,162,162,162,162,161,161,161,161,161,161,161,161,162,162,162,162,162,162,162,162,132,132,132,132,133,133,133,134,134,134,134,134,134,134,134,134,134,134,133,133,133,133,133,133,80,80,80,82,82,82,82,82,82,82,82,167,167,167,167,168,168,168,168,168,170,170,170,170,83,83,83,83,83,83,83,83,83,83,83,83,83,83,83,83,83,83,83,83,86,86,86,86,86,86,83,83,84,84,172,172,172,172,173,173,173,173,173,173,173,173,173,172,172,172,172,172,172,172,172,172,172,172,172,173,173,173,173,173,173,173,173,173,174,174,174,174,174,174,174,174,174,174,174,174,171,171,171,171,170,170,170,170,170,169,169,169,169,169,169,169,169,170,170,170,170,170,170,170,170,170,170,170,170,169,169,169,169,169,169,169,169,169,169,169,169,169,169,169,169,169,169,169,169,169,169,169,169,169,169,169,169,169,170,170,170,170,170,169,169,169,169,169,169,169,169,169,169,169,169,169,169,169,169,170,170,170,170,169,169,169,169,169,169,169,169,169,169,169,169,169,170,170,170,170,170,170,170,170,85,85,85,85,86,86,87,87,175,175,175,175,175,174,174,174,174,176,176,176,176,176,176,176,176,176,177,177,177,177,175,175,175,175,173,173,173,173,173,173,173,173,172,172,172,172,172,172,172,172,172,84,84,84,86,86,173,173,173,173,173,173,173,173,173,173,173,173,173,172,172,172,172,173,173,173,173,173,86,86,86,86,86,86,87,87,87,87,116,116,116,116,116,116,116,116,116,116,116,116,116,116,87,87,87,87,87,87,87,87,88,88,88,88,88,88,88,118,118,118,119,119,119,118,118,118,118,118,119,119,119,119,119,119,119,119,119,119,119,119,119,119,119,119,119,119,119,119,119,120,120,120,120,120,120,120,120,120,119,119,119,119,119,119,119,119,119,119,119,119,119,119,119,119,119,119,119,119,119,119,119,119,120,120,120,120,120,120,120,120,120,120,120,120,120,120,120,120,120,120,120,120,120,116,116,117,117,117,117,117,117,117,117,116,116,116,117,117,117,116,116,116,117,117,117,117,117,117,117,117,117,117],"levels":[71,75,74,59,70,71,69,76,71,73,80,77,77,75,74,75,70,71,67,70,72,73,72,68,73,76,75,76,77,76,77,67,73,68,69,67,70,72,65,77,73,76,75,76,80,80,74,74,69,70,71,68,74,73,72,75,73,76,77,69,73,77,74,78,79,76,75,53,79,70,78,77,76,79,75,76,73,52,78,76,77,78,68,70,64,81,79,80,78,76,76,68,72,76,75,76,80,73,76,73,43,82,82,78,78,77,73,63,60,74,75,75,72,73,71,76,79,73,76,78,74,79,78,75,77,74,71,70,71,80,79,78,82,77,81,86,83,80,79,80,81,83,82,80,75,73,79,79,75,80,59,72,75,71,74,79,83,74,80,70,79,77,76,77,73,83,84,79,79,72,74,72,71,86,85,86,83,78,82,86,85,85,82,83,81,80,82,76,81,79,73,85,83,84,80,74,83,84,81,77,85,81,80,80,81,84,83,82,83,82,80,62,49,83,83,80,85,83,83,84,82,82,77,81,81,83,79,78,80,82,82,84,84,83,77,74,79,76,77,82,75,82,83,75,80,83,87,83,80,86,79,77,81,79,67,83,82,83,72,81,83,82,71,82,80,84,83,75,74,80,63,82,81,83,80,82,80,79,72,80,80,83,83,81,86,85,89,85,82,82,74,86,74,83,75,82,85,81,75,81,78,80,78,81,90,84,84,80,79,84,76,82,84,84,80,76,72,82,81,84,80,84,54,87,81,84,81,81,79,82,79,78,78,78,76,85,80,89,84,74,81,87,87,68,82,75,72,54,88,77,82,82,80,80,81,84,82,80,84,79,81,80,67,82,76,77,78,85,82,83,84,80,84,82,83,83,81,84,63,82,74,82,83,83,72,83,83,88,89,80,74,81,75,76,72,75,80,79,77,81,79,89,75,91,83,88,86,82,88,85,80,85,81,85,88,85,80,80,79,79,82,87,75,76,78,79,77,80,81,82,81,81,82,84,86,84,89,86,87,85,86,89,87,85,89,85,85,86,84,88,84,86,84,79,75,82,80,81,89,82,83,89,84,81,77,82,85,84,86,86,87,83,84,83,82,80,82,80,88,88,83,81,83,84,80,84,82,82,87,86,82,87,83,81,90,84,83,80,84,79,86,82,81,90,86,88,81,81,78,82,81,78,81,82,91,82,71,80,78,78,77,77,77,78,78,79,76,79,81,81,79,77,79,74,77,79,82,77,79,74,80,79,75,76,77,79,78,74,77,76,80,75,74,78,78,74,72,78,78,79,73,75,77,74,70],"notes":[[50,50],[62,50],[],[50,47,47],[],[],[54],[98],[46],[46,54,54,52],[52,50,47,47],[100,50],[50],[],[50],[50,50,50],[50],[50,52,51,50],[49],[49],[49],[],[],[],[54,54,52,52,50],[47,47,49,50],[50],[50],[50],[50],[],[50,50],[48,47],[],[],[],[],[58,58],[],[54,54],[52,52,51,50],[47,47,50,50],[50],[],[],[62,62,64],[50],[],[54,56,56],[50],[],[],[],[58],[58],[58],[46],[49,51,67,52,68],[],[108],[55],[],[52],[104],[103],[101,102],[101,53],[],[52,51],[],[104,86],[68,111],[89,55],[87],[],[],[53],[104],[],[],[99,48,51],[],[],[],[99,101],[101,101],[54],[56],[54],[],[51,52],[],[63,63,63,100],[109,100],[52],[48],[47,50,51],[],[104],[],[],[80,81],[],[],[58,56],[],[51,52],[103],[100,103],[96],[],[47,91,52],[],[],[],[100,100,100,52],[],[50],[],[50],[],[50],[51],[],[63],[51],[65],[63],[64],[51,51,101,101,101,101],[53,108,102,102,100],[102,52,63,51,101,63,102],[100],[81,101],[54,52,102],[86,49,102],[103,103],[95,101],[102,102,102],[63,104,101],[103,49],[102],[64],[101,102],[54],[104,57],[72],[106,61],[101],[52],[100,56],[106,101],[54,101],[100,88,64],[63,103,101,101,101],[87],[49,103,52,52],[53,50],[101,61,64,81],[56,57,58,46],[54,54,54],[53,53,101],[103],[101],[102,84,49,103,52],[],[50,52,53],[101,63],[51,50],[51,63,63,65,63],[51,51,51],[65,51,50],[63,51,63,51],[51,63,97],[80,61,61,49],[50,63,101],[102],[100,98],[102,103,102,102],[56,101,101],[48],[102],[112,102,101,103,100],[72,64,122,104,102],[50],[],[101],[47],[102,47],[47,102],[47,48],[101],[],[101],[53],[102],[73],[61,49],[47,60],[102],[102],[],[87],[48],[102],[103,103],[59],[100],[53],[],[101],[103],[110,61,61],[101,102,81],[51,64],[49],[62],[],[101],[47],[102],[102],[98],[103],[99],[88,61],[62],[61],[61,49],[49,49],[49,99,98],[47],[47],[47],[46],[47,59,101],[103],[101],[52,106],[50],[],[103],[50],[102,104],[101],[51,102],[53],[103],[101],[47],[84],[101],[103,102],[101],[101],[103],[49],[],[85],[101,103,87],[48,50],[107],[51],[54,53],[53],[51],[51,84],[63,109],[51],[47,52],[52],[51],[52],[96],[50],[49,49,100,99],[54,46],[106,101],[53,55],[47],[],[47],[83],[],[46],[52,81],[48],[50],[],[104],[],[99,104],[100,111],[],[48,55],[102],[],[47],[48],[105],[99],[102,102],[101],[101],[51,51],[52],[85],[61],[101],[102],[101,59],[101],[],[51],[84,103],[],[54,102],[51,101],[53,92],[103,53],[],[],[48],[114,75],[102,100],[52],[53],[51,50],[51],[51],[50],[51,51],[52],[51,51,50,51,52],[51,51,51,84],[53,113,54,46],[102,61,102],[101,101],[101],[47,102,97],[102,103,103,47,103],[52],[102],[98],[65],[102],[],[96,61],[104,103,62],[62,64,123],[],[101],[],[47],[47],[103,47],[47,47,102],[47,48],[101],[99,85],[101,66,50],[51],[102],[100,81],[61,49],[47,61],[63,101],[101],[47],[47],[59],[102,102],[101,102],[47],[98,100],[111],[101],[101],[102],[110,60,61],[104,103,100],[72,64,122],[],[102,50],[47,52,47],[102,47,102,102],[47,48,102],[59],[61,49],[49],[],[101],[48],[48],[48],[],[102],[],[71],[102,47],[56],[100,101],[48,105],[],[49],[49],[],[102,102],[60,49],[48],[61,47],[86,102],[73,100,46],[57,57,48,48],[105],[60,49],[48,46,102,64],[64,107],[48,47],[101,59,102],[47,101,59],[99,57,57],[103],[51],[],[101,104],[101,103],[56],[101,102],[],[101],[102],[],[101,102],[49],[77,60,76,52,52],[50,62],[55,75],[50,48],[62,73,60],[78,63,76,65],[65,64,57,55],[49,77],[66,64,52,48],[64,64,62],[62,62],[101,60,48,93],[62,60],[52,62,64],[64,51],[99],[77,67],[77,52,52],[64,87,62,62],[62],[86,61],[48,98],[48,60,63],[62,64,57],[64,64,63],[104],[76,60,47],[76,52,52],[76,62,62],[62,62],[103,105],[59,60,50,98,62],[76],[53,73],[64,64],[52],[],[51,57],[57,62,56],[56,52],[52],[57],[52,48],[60,47,56],[56,57,57],[48,105],[64],[],[82,48,57],[52,52,57],[57,70],[52],[49,52],[48,48,48],[76,47,56],[57,47],[48,57],[57],[57],[57],[48,52,52],[80],[52],[52],[47,57],[64],[76,56,57],[57,57],[48],[77],[],[81,52,52],[48,52],[57,52],[52,52],[52,52,80,57],[57,52],[57,74],[48],[],[52,49],[],[],[],[],[],[50],[],[],[48],[103],[64],[103],[],[51,52,52],[103,52],[103],[52],[],[64],[60,50],[102],[103],[48],[],[55,100,100],[103],[64,62],[103],[60,103],[102],[104],[],[],[101],[],[102],[],[50,50],[102],[],[],[],